{"train/grad_norm":NaN,"_wandb":{"runtime":5582},"_timestamp":1.746837200952804e+09,"train/epoch":2.869565217391304,"train/loss":24743.1766,"_step":1,"train_runtime":5577.3981,"_runtime":5576.795509,"train/learning_rate":1.8000000000000001e-06,"train_samples_per_second":0.049,"train_steps_per_second":0.003,"total_flos":1.982445989658624e+15,"train_loss":16495.451041666667,"train/global_step":15}